"TM90","TM242","TM252","TM266","TM337"
0.5,0.666666666666667,1,0.769230769230769,0.666666666666667
0.833333333333333,0.333333333333333,0.3,0.0769230769230769,0.583333333333333
0.166666666666667,0,0.4,0,0.25
1,0,0.1,0.461538461538462,0.25
0.75,1,0.3,1,0.5
0.416666666666667,0.166666666666667,0.2,0.538461538461538,0.25
0.0833333333333333,0,0,0.307692307692308,0.166666666666667
0.0833333333333333,0,0,0.615384615384615,0
0.25,0,0,0.230769230769231,0
0.416666666666667,0.333333333333333,0.6,0.384615384615385,0.416666666666667
0,0.166666666666667,0,0,0.0833333333333333
0.166666666666667,0.333333333333333,0.1,0.307692307692308,0.166666666666667
0.583333333333333,0.5,0.8,0.692307692307692,0.333333333333333
0.416666666666667,0.666666666666667,0.9,0.923076923076923,0.916666666666667
0.416666666666667,0.5,0.2,0.846153846153846,0.166666666666667
0.666666666666667,0,0,0.0769230769230769,0
0,0,0.1,0,0.0833333333333333
0.916666666666667,0,0.5,0.153846153846154,0.25
0.583333333333333,0.5,0.9,0.384615384615385,0.75
0.333333333333333,0.833333333333333,0.1,0.153846153846154,1
0.416666666666667,0,0.7,1,0.833333333333333
0.666666666666667,0.166666666666667,0,0.461538461538462,0
